obligation_id,obligation,article,roles,risk_categories,deadline,evidence_artifact,evidence_description,annex_iv_section,audit_red_flags,source_urls
obl-art15-declare-accuracy-metrics,Declare accuracy metrics in instructions for use,Article 15; Article 11,Provider,High-risk (Annex III use case); High-risk (Annex I regulated product),2027-12-02,Accuracy Declaration Record,"Dated record stating the chosen accuracy metric(s), target levels, the test set/conditions, and where they are declared in the instructions for use. Substantiated in the technical file.",anx-4-2,Accuracy levels/metrics not declared in the instructions for use.; Documentation created after the fact rather than contemporaneously with the decision — national competent authorities apply the contemporaneous standard.,https://artificialintelligenceact.eu/article/15/
obl-art15-declare-accuracy-metrics,Declare accuracy metrics in instructions for use,Article 15; Article 11,Provider,High-risk (Annex III use case); High-risk (Annex I regulated product),2027-12-02,Instructions for use,Accompanying instructions where declared accuracy levels/metrics and other required information appear.,,Accuracy levels/metrics not declared in the instructions for use.; Documentation created after the fact rather than contemporaneously with the decision — national competent authorities apply the contemporaneous standard.,https://artificialintelligenceact.eu/article/15/
obl-art15-declare-accuracy-metrics,Declare accuracy metrics in instructions for use,Article 15; Article 11,Provider,High-risk (Annex III use case); High-risk (Annex I regulated product),2027-12-02,Annex IV technical file,"The full technical documentation package; primary evidence at conformity assessment; must be a living, versioned document.",anx-4,Accuracy levels/metrics not declared in the instructions for use.; Documentation created after the fact rather than contemporaneously with the decision — national competent authorities apply the contemporaneous standard.,https://artificialintelligenceact.eu/article/15/
obl-art15-robustness,Evidence robustness / resilience,Article 15,Provider,High-risk (Annex III use case); High-risk (Annex I regulated product),2027-12-02,Robustness test plan & results,"A defensible plan and dated results showing resilience to errors, edge cases and adversarial manipulation.",anx-4-3,Documentation created after the fact rather than contemporaneously with the decision — national competent authorities apply the contemporaneous standard.; No clear version control / traceability between document versions and system versions.,https://artificialintelligenceact.eu/article/15/
obl-art15-robustness,Evidence robustness / resilience,Article 15,Provider,High-risk (Annex III use case); High-risk (Annex I regulated product),2027-12-02,Annex IV technical file,"The full technical documentation package; primary evidence at conformity assessment; must be a living, versioned document.",anx-4,Documentation created after the fact rather than contemporaneously with the decision — national competent authorities apply the contemporaneous standard.; No clear version control / traceability between document versions and system versions.,https://artificialintelligenceact.eu/article/15/
obl-art15-cybersecurity,Evidence AI-specific cybersecurity,Article 15,Provider,High-risk (Annex III use case); High-risk (Annex I regulated product),2027-12-02,AI cybersecurity threat model & evidence,"Dated AI-specific threat model (data poisoning, model poisoning, adversarial examples, confidentiality attacks) with mitigations and validation.",anx-4-3,Documentation created after the fact rather than contemporaneously with the decision — national competent authorities apply the contemporaneous standard.,https://artificialintelligenceact.eu/article/15/
obl-art15-cybersecurity,Evidence AI-specific cybersecurity,Article 15,Provider,High-risk (Annex III use case); High-risk (Annex I regulated product),2027-12-02,Annex IV technical file,"The full technical documentation package; primary evidence at conformity assessment; must be a living, versioned document.",anx-4,Documentation created after the fact rather than contemporaneously with the decision — national competent authorities apply the contemporaneous standard.,https://artificialintelligenceact.eu/article/15/
obl-art9-risk-management,Run a lifecycle risk-management system,Article 9,Provider,High-risk (Annex III use case); High-risk (Annex I regulated product),2027-12-02,Risk-management file,"Living record of the Article 9 risk-management system: identified risks, evaluation, mitigation measures adopted, and test results across the lifecycle.",anx-4-4,Documentation created after the fact rather than contemporaneously with the decision — national competent authorities apply the contemporaneous standard.; No clear version control / traceability between document versions and system versions.,https://artificialintelligenceact.eu/article/9/
obl-art9-risk-management,Run a lifecycle risk-management system,Article 9,Provider,High-risk (Annex III use case); High-risk (Annex I regulated product),2027-12-02,Annex IV technical file,"The full technical documentation package; primary evidence at conformity assessment; must be a living, versioned document.",anx-4,Documentation created after the fact rather than contemporaneously with the decision — national competent authorities apply the contemporaneous standard.; No clear version control / traceability between document versions and system versions.,https://artificialintelligenceact.eu/article/9/
obl-art10-data-governance,"Govern training, validation and test data",Article 10,Provider,High-risk (Annex III use case); High-risk (Annex I regulated product),2027-12-02,Data-governance records,"Dataset cards, provenance documentation, representativeness rationale and bias-examination reports substantiating Article 10 for training/validation/test data.",anx-4-2,Documentation created after the fact rather than contemporaneously with the decision — national competent authorities apply the contemporaneous standard.,https://artificialintelligenceact.eu/article/10/
obl-art10-data-governance,"Govern training, validation and test data",Article 10,Provider,High-risk (Annex III use case); High-risk (Annex I regulated product),2027-12-02,Annex IV technical file,"The full technical documentation package; primary evidence at conformity assessment; must be a living, versioned document.",anx-4,Documentation created after the fact rather than contemporaneously with the decision — national competent authorities apply the contemporaneous standard.,https://artificialintelligenceact.eu/article/10/
obl-art26-deployer-human-oversight,Assign human oversight and use per instructions (deployer),Article 26,Deployer,High-risk (Annex III use case),2027-12-02,Deployer human-oversight record,"Evidence the deployer assigned competent, trained human oversight, used the system per instructions, and checked input-data relevance.",,Deployer does not retain the automatically-generated logs of the high-risk system within its control.,https://artificialintelligenceact.eu/article/26/
obl-art26-deployer-human-oversight,Assign human oversight and use per instructions (deployer),Article 26,Deployer,High-risk (Annex III use case),2027-12-02,Automatically-generated logs,Retained operational logs the deployer must keep for high-risk systems within its control.,,Deployer does not retain the automatically-generated logs of the high-risk system within its control.,https://artificialintelligenceact.eu/article/26/
obl-art11-technical-documentation,Draw up & maintain the Annex IV technical file,Article 11; Annex IV,Provider,High-risk (Annex III use case); High-risk (Annex I regulated product),2027-12-02,Annex IV technical file,"The full technical documentation package; primary evidence at conformity assessment; must be a living, versioned document.",anx-4,Documentation created after the fact rather than contemporaneously with the decision — national competent authorities apply the contemporaneous standard.; No clear version control / traceability between document versions and system versions.; No compliance matrix mapping each requirement to the specific evidence that satisfies it.,https://artificialintelligenceact.eu/article/11/; https://artificialintelligenceact.eu/annex/4/
obl-art11-technical-documentation,Draw up & maintain the Annex IV technical file,Article 11; Annex IV,Provider,High-risk (Annex III use case); High-risk (Annex I regulated product),2027-12-02,Requirement-to-evidence compliance matrix,A matrix mapping each Annex IV requirement to the specific document/section/evidence that satisfies it. Explicitly what auditors ask for.,anx-4,Documentation created after the fact rather than contemporaneously with the decision — national competent authorities apply the contemporaneous standard.; No clear version control / traceability between document versions and system versions.; No compliance matrix mapping each requirement to the specific evidence that satisfies it.,https://artificialintelligenceact.eu/article/11/; https://artificialintelligenceact.eu/annex/4/
obl-art6-classify-high-risk,Classify the system against Article 6 / Annex III,Article 6; Annex III,Provider; Deployer,High-risk (Annex III use case); High-risk (Annex I regulated product),2027-12-02,High-risk classification decision record,"Documented Article 6 determination: Annex III domain + function match (or 6(1) product route), and any 6(3) exception justification.",,Relying on the Article 6(3) 'not significant risk' exception without a documented justification.,https://artificialintelligenceact.eu/article/6/; https://artificialintelligenceact.eu/annex/3/; https://digital-strategy.ec.europa.eu/en/library/draft-commission-guidelines-classification-high-risk-ai-systems
obl-art49-database-registration,Register in the EU database,Article 49,Provider; Deployer,High-risk (Annex III use case),2027-12-02,EU database registration confirmation,Proof of registration of the high-risk system in the EU database prior to placement/service.,,,https://artificialintelligenceact.eu/article/49/
obl-art43-conformity-assessment,Complete conformity assessment before market,Article 43,Provider,High-risk (Annex III use case); High-risk (Annex I regulated product),2027-12-02,EU Declaration of Conformity,Signed declaration that the high-risk system meets AIA requirements (Annex IV(7)).,anx-4-7,,https://artificialintelligenceact.eu/article/43/
obl-art43-conformity-assessment,Complete conformity assessment before market,Article 43,Provider,High-risk (Annex III use case); High-risk (Annex I regulated product),2027-12-02,Annex IV technical file,"The full technical documentation package; primary evidence at conformity assessment; must be a living, versioned document.",anx-4,,https://artificialintelligenceact.eu/article/43/
obl-art50-ai-interaction-disclosure,Disclose AI interaction to users,Article 50,Provider,Limited-risk / transparency,2026-08-02,Transparency / disclosure notice,The user-facing notice or in-product disclosure evidencing Article 50 duties (AI interaction / deepfake disclosure).,,,https://artificialintelligenceact.eu/article/50/
obl-art50-synthetic-content-marking,Mark AI-generated content machine-readably,Article 50,Provider; GPAI model provider,Limited-risk / transparency,2026-08-02,Machine-readable content marking,Technical marking (e.g. watermark/metadata/provenance) making AI-generated content detectable as artificial.,,,https://artificialintelligenceact.eu/article/50/
obl-art50-deepfake-disclosure,Disclose deepfakes,Article 50,Deployer,Limited-risk / transparency,2026-08-02,Transparency / disclosure notice,The user-facing notice or in-product disclosure evidencing Article 50 duties (AI interaction / deepfake disclosure).,,,https://artificialintelligenceact.eu/article/50/
obl-art53-gpai-documentation,GPAI provider documentation & copyright,Article 53,GPAI model provider,GPAI model; GPAI model with systemic risk,2025-08-02,GPAI model documentation,Up-to-date model documentation for authorities and downstream providers.,,,https://artificialintelligenceact.eu/article/53/; https://en.wikipedia.org/wiki/General-Purpose_AI_Code_of_Practice
obl-art53-gpai-documentation,GPAI provider documentation & copyright,Article 53,GPAI model provider,GPAI model; GPAI model with systemic risk,2025-08-02,Training-content summary,Sufficiently detailed public summary of content used to train the GPAI model.,,,https://artificialintelligenceact.eu/article/53/; https://en.wikipedia.org/wiki/General-Purpose_AI_Code_of_Practice
